Workbook
Name Cid: customer1[Cust_ID]
Name Customerstable: customer1[#All]
Name hsncode: productT[HSN Code]

Sheet Dashboard
A1: 5
S13: Notifications!
S14: {=_xlfn._xlws.FILTER(Table7[[#All],[Notifications]],Table7[[#All],[Notifications]] <> " ")} -> Notifications
S19: 📞Wireless Printer Needs to Reorder! PH9813xxxxxx

Sheet Customer
D6: Cust_ID | E6: Name | F6: Email | G6: Address
D7: 100 | E7: Ram sales | F7: Ram@gmail.c | G7: Delhi, India
D8: 101 | E8: Atul Ltd. | F8: Atu@gmail.cc | G8: 121102, Palwal, HR
D9: 102 | E9: MK Tech. | F9: MK@gmail.cc | G9: Faridabad, 121101
D10: 103 | E10: 99store | F10: 99s@gmail.c | G10: Agra, UP
D11: 104 | E11: Rajesh Kumar | F11: Raj@gmail.cc | G11: New Delhi, 110011
D12: 105 | E12: Amit | F12: Ami@gmail.c | G12: Gurgaon, Sec-15
D13: 106 | E13: Jain Tel. | F13: Jai@gmail.co | G13: Janpath, New Delhi

Sheet Product
D6: HSN Code | E6: Product Name | F6: Cost | G6: Selling Price
D7: N1001 | E7: Smart Watch | F7: 980 | G7: 1176
D8: N1002 | E8: Laptop HP xyz i5 | F8: 34500 | G8: 41400
D9: N1003 | E9: Wireless Printer | F9: 4600 | G9: 5520
D10: N1004 | E10: Desktop | F10: 21000 | G10: 25200
D11: N1005 | E11: Mouse | F11: 200 | G11: 240
D12: N1006 | E12: Rgb Keyboard | F12: 340 | G12: 408
D13: N1007 | E13: Camera | F13: 52000 | G13: 62400
D14: N1008 | E14: Headphones | F14: 799 | G14: 958.8
D15: N1009 | E15: Speakers | F15: 670 | G15: 804
D16: N1010 | E16: Tablets | F16: 23500 | G16: 28200

Sheet Vendor
D6: HSN Code | E6: Product Name | F6: Vendor Name | G6: Phone | H6: Address
D7: N1001 | E7: Smart Watch | F7: Tech99 | G7: 9812xxxxxx | H7: Faridabad, 121101
D8: N1002 | E8: Laptop HP xyz | F8: Tech99 | G8: 9812xxxxxx | H8: Faridabad, 121102
D9: N1003 | E9: Wireless Print | F9: Tech99 | G9: 9812xxxxxx | H9: Faridabad, 121103
D10: N1004 | E10: Desktop | F10: GG Traders | G10: 9813xxxxxx | H10: Gurgaon, Sec-15
D11: N1005 | E11: Mouse | F11: GG Traders | G11: 9813xxxxxx | H11: Gurgaon, Sec-16
D12: N1006 | E12: Rgb Keyboard | F12: GG Traders | G12: 9813xxxxxx | H12: Gurgaon, Sec-17
D13: N1007 | E13: Camera | F13: GG Traders | G13: 9813xxxxxx | H13: Gurgaon, Sec-18
D14: N1008 | E14: Headphones | F14: Compac | G14: 9814xxxxxx | H14: New Delhi, 110012
D15: N1009 | E15: Speakers | F15: Compac | G15: 9814xxxxxx | H15: New Delhi, 110013
D16: N1010 | E16: Tablets | F16: Compac | G16: 9814xxxxxx | H16: New Delhi, 110014

Sheet New Entry
G14: Purchase Entry
G18: Sale Entry

Sheet Purchase
D8: HSN Code | E8: Product Name | F8: Vendor | G8: Date | H8: Units | I8: Cost | J8: Amount
D9: N1001 | E9: =IFERROR(VLOOKUP(Purchasetable[[#This Row],[HSN Code]],productT[#All],2,0),"") -> Smart Watch | F9: =IFERROR(VLOOKUP(Purchasetable[[#This Row],[HSN Code]],Vtable[#All],3,0),"") -> Tech99 | G9: 45292 | H9: 10 | I9: =IFERROR(VLOOKUP(Purchasetable[[#This Row],[HSN Code]],productT[#All],3,0),"") -> 980 | J9: =IFERROR(Purchasetable[[#This Row],[Units]]*Purchasetable[[#This Row],[Cost]],"") -> 9800
D10: N1002 | E10: =IFERROR(VLOOKUP(Purchasetable[[#This Row],[HSN Code]],productT[#All],2,0),"") -> Laptop HP xyz i5 | F10: =IFERROR(VLOOKUP(Purchasetable[[#This Row],[HSN Code]],Vtable[#All],3,0),"") -> Tech99 | G10: 45292 | H10: 10 | I10: =IFERROR(VLOOKUP(Purchasetable[[#This Row],[HSN Code]],productT[#All],3,0),"") -> 34500 | J10: =IFERROR(Purchasetable[[#This Row],[Units]]*Purchasetable[[#This Row],[Cost]],"") -> 345000
D11: N1003 | E11: =IFERROR(VLOOKUP(Purchasetable[[#This Row],[HSN Code]],productT[#All],2,0),"") -> Wireless Printer | F11: =IFERROR(VLOOKUP(Purchasetable[[#This Row],[HSN Code]],Vtable[#All],3,0),"") -> Tech99 | G11: 45323 | H11: 50 | I11: =IFERROR(VLOOKUP(Purchasetable[[#This Row],[HSN Code]],productT[#All],3,0),"") -> 4600 | J11: =IFERROR(Purchasetable[[#This Row],[Units]]*Purchasetable[[#This Row],[Cost]],"") -> 230000
D12: N1004 | E12: =IFERROR(VLOOKUP(Purchasetable[[#This Row],[HSN Code]],productT[#All],2,0),"") -> Desktop | F12: =IFERROR(VLOOKUP(Purchasetable[[#This Row],[HSN Code]],Vtable[#All],3,0),"") -> GG Traders | G12: 45323 | H12: 50 | I12: =IFERROR(VLOOKUP(Purchasetable[[#This Row],[HSN Code]],productT[#All],3,0),"") -> 21000 | J12: =IFERROR(Purchasetable[[#This Row],[Units]]*Purchasetable[[#This Row],[Cost]],"") -> 1050000
D13: N1005 | E13: =IFERROR(VLOOKUP(Purchasetable[[#This Row],[HSN Code]],productT[#All],2,0),"") -> Mouse | F13: =IFERROR(VLOOKUP(Purchasetable[[#This Row],[HSN Code]],Vtable[#All],3,0),"") -> GG Traders | G13: 45323 | H13: 50 | I13: =IFERROR(VLOOKUP(Purchasetable[[#This Row],[HSN Code]],productT[#All],3,0),"") -> 200 | J13: =IFERROR(Purchasetable[[#This Row],[Units]]*Purchasetable[[#This Row],[Cost]],"") -> 10000
D14: N1006 | E14: =IFERROR(VLOOKUP(Purchasetable[[#This Row],[HSN Code]],productT[#All],2,0),"") -> Rgb Keyboard | F14: =IFERROR(VLOOKUP(Purchasetable[[#This Row],[HSN Code]],Vtable[#All],3,0),"") -> GG Traders | G14: 45323 | H14: 100 | I14: =IFERROR(VLOOKUP(Purchasetable[[#This Row],[HSN Code]],productT[#All],3,0),"") -> 340 | J14: =IFERROR(Purchasetable[[#This Row],[Units]]*Purchasetable[[#This Row],[Cost]],"") -> 34000
D15: N1007 | E15: =IFERROR(VLOOKUP(Purchasetable[[#This Row],[HSN Code]],productT[#All],2,0),"") -> Camera | F15: =IFERROR(VLOOKUP(Purchasetable[[#This Row],[HSN Code]],Vtable[#All],3,0),"") -> GG Traders | G15: 45323 | H15: 10 | I15: =IFERROR(VLOOKUP(Purchasetable[[#This Row],[HSN Code]],productT[#All],3,0),"") -> 52000 | J15: =IFERROR(Purchasetable[[#This Row],[Units]]*Purchasetable[[#This Row],[Cost]],"") -> 520000
D16: N1008 | E16: =IFERROR(VLOOKUP(Purchasetable[[#This Row],[HSN Code]],productT[#All],2,0),"") -> Headphones | F16: =IFERROR(VLOOKUP(Purchasetable[[#This Row],[HSN Code]],Vtable[#All],3,0),"") -> Compac | G16: 45324 | H16: 20 | I16: =IFERROR(VLOOKUP(Purchasetable[[#This Row],[HSN Code]],productT[#All],3,0),"") -> 799 | J16: =IFERROR(Purchasetable[[#This Row],[Units]]*Purchasetable[[#This Row],[Cost]],"") -> 15980
D17: N1009 | E17: =IFERROR(VLOOKUP(Purchasetable[[#This Row],[HSN Code]],productT[#All],2,0),"") -> Speakers | F17: =IFERROR(VLOOKUP(Purchasetable[[#This Row],[HSN Code]],Vtable[#All],3,0),"") -> Compac | G17: 45325 | H17: 30 | I17: =IFERROR(VLOOKUP(Purchasetable[[#This Row],[HSN Code]],productT[#All],3,0),"") -> 670 | J17: =IFERROR(Purchasetable[[#This Row],[Units]]*Purchasetable[[#This Row],[Cost]],"") -> 20100
D18: N1010 | E18: =IFERROR(VLOOKUP(Purchasetable[[#This Row],[HSN Code]],productT[#All],2,0),"") -> Tablets | F18: =IFERROR(VLOOKUP(Purchasetable[[#This Row],[HSN Code]],Vtable[#All],3,0),"") -> Compac | G18: 45326 | H18: 25 | I18: =IFERROR(VLOOKUP(Purchasetable[[#This Row],[HSN Code]],productT[#All],3,0),"") -> 23500 | J18: =IFERROR(Purchasetable[[#This Row],[Units]]*Purchasetable[[#This Row],[Cost]],"") -> 587500
D19: N1006 | E19: =IFERROR(VLOOKUP(Purchasetable[[#This Row],[HSN Code]],productT[#All],2,0),"") -> Rgb Keyboard | F19: =IFERROR(VLOOKUP(Purchasetable[[#This Row],[HSN Code]],Vtable[#All],3,0),"") -> GG Traders | G19: 45327 | H19: 40 | I19: =IFERROR(VLOOKUP(Purchasetable[[#This Row],[HSN Code]],productT[#All],3,0),"") -> 340 | J19: =IFERROR(Purchasetable[[#This Row],[Units]]*Purchasetable[[#This Row],[Cost]],"") -> 13600
E20: =IFERROR(VLOOKUP(Purchasetable[[#This Row],[HSN Code]],productT[#All],2,0),"") | F20: =IFERROR(VLOOKUP(Purchasetable[[#This Row],[HSN Code]],Vtable[#All],3,0),"") | I20: =IFERROR(VLOOKUP(Purchasetable[[#This Row],[HSN Code]],productT[#All],3,0),"") | J20: =IFERROR(Purchasetable[[#This Row],[Units]]*Purchasetable[[#This Row],[Cost]],"")
E21: =IFERROR(VLOOKUP(Purchasetable[[#This Row],[HSN Code]],productT[#All],2,0),"") | F21: =IFERROR(VLOOKUP(Purchasetable[[#This Row],[HSN Code]],Vtable[#All],3,0),"") | I21: =IFERROR(VLOOKUP(Purchasetable[[#This Row],[HSN Code]],productT[#All],3,0),"") | J21: =IFERROR(Purchasetable[[#This Row],[Units]]*Purchasetable[[#This Row],[Cost]],"")

Sheet Sales
D9: Cust_ID | E9: Cust_Name | F9: HSN Code | G9: Product Name | H9: Date | I9: Stock(Units) | J9: Units | K9: Price | L9: Amount
D10: 100 | E10: =IFERROR(VLOOKUP(Table2[[#This Row],[Cust_ID]],customer1[#All],2,FALSE),"") -> Ram sales | F10: N1001 | G10: =IFERROR(VLOOKUP(Table2[[#This Row],[HSN Code]],productT[#All],2,0),"") -> Smart Watch | H10: 45292 | I10: =VLOOKUP(Table2[[#This Row],[HSN Code]],Inventory!D7:J17,6,0) -> 970 | J10: 10 | K10: =IFERROR(VLOOKUP(Table2[[#This Row],[HSN Code]],productT[#All],4,0),"") -> 1176 | L10: =IFERROR(Table2[[#This Row],[Price]]*Table2[[#This Row],[Units]],"") -> 11760
D11: 101 | E11: =IFERROR(VLOOKUP(Table2[[#This Row],[Cust_ID]],customer1[#All],2,FALSE),"") -> Atul Ltd. | F11: N1002 | G11: =IFERROR(VLOOKUP(Table2[[#This Row],[HSN Code]],productT[#All],2,0),"") -> Laptop HP xyz i5 | H11: 45292 | I11: =VLOOKUP(Table2[[#This Row],[HSN Code]],Inventory!D8:J18,6,0) -> 34490 | J11: 10 | K11: =IFERROR(VLOOKUP(Table2[[#This Row],[HSN Code]],productT[#All],4,0),"") -> 41400 | L11: =IFERROR(Table2[[#This Row],[Price]]*Table2[[#This Row],[Units]],"") -> 414000
D12: 102 | E12: =IFERROR(VLOOKUP(Table2[[#This Row],[Cust_ID]],customer1[#All],2,FALSE),"") -> MK Tech. | F12: N1003 | G12: =IFERROR(VLOOKUP(Table2[[#This Row],[HSN Code]],productT[#All],2,0),"") -> Wireless Printer | H12: 45323 | I12: =VLOOKUP(Table2[[#This Row],[HSN Code]],Inventory!D9:J19,6,0) -> 4550 | J12: 50 | K12: =IFERROR(VLOOKUP(Table2[[#This Row],[HSN Code]],productT[#All],4,0),"") -> 5520 | L12: =IFERROR(Table2[[#This Row],[Price]]*Table2[[#This Row],[Units]],"") -> 276000
D13: 103 | E13: =IFERROR(VLOOKUP(Table2[[#This Row],[Cust_ID]],customer1[#All],2,FALSE),"") -> 99store | F13: N1004 | G13: =IFERROR(VLOOKUP(Table2[[#This Row],[HSN Code]],productT[#All],2,0),"") -> Desktop | H13: 45323 | I13: =VLOOKUP(Table2[[#This Row],[HSN Code]],Inventory!D10:J20,6,0) -> 20950 | J13: 50 | K13: =IFERROR(VLOOKUP(Table2[[#This Row],[HSN Code]],productT[#All],4,0),"") -> 25200 | L13: =IFERROR(Table2[[#This Row],[Price]]*Table2[[#This Row],[Units]],"") -> 1260000
D14: 104 | E14: =IFERROR(VLOOKUP(Table2[[#This Row],[Cust_ID]],customer1[#All],2,FALSE),"") -> Rajesh Kumar | F14: N1005 | G14: =IFERROR(VLOOKUP(Table2[[#This Row],[HSN Code]],productT[#All],2,0),"") -> Mouse | H14: 45323 | I14: =VLOOKUP(Table2[[#This Row],[HSN Code]],Inventory!D11:J21,6,0) -> 150 | J14: 50 | K14: =IFERROR(VLOOKUP(Table2[[#This Row],[HSN Code]],productT[#All],4,0),"") -> 240 | L14: =IFERROR(Table2[[#This Row],[Price]]*Table2[[#This Row],[Units]],"") -> 12000
D15: 105 | E15: =IFERROR(VLOOKUP(Table2[[#This Row],[Cust_ID]],customer1[#All],2,FALSE),"") -> Amit | F15: N1006 | G15: =IFERROR(VLOOKUP(Table2[[#This Row],[HSN Code]],productT[#All],2,0),"") -> Rgb Keyboard | H15: 45323 | I15: =VLOOKUP(Table2[[#This Row],[HSN Code]],Inventory!D12:J22,6,0) -> 580 | J15: 100 | K15: =IFERROR(VLOOKUP(Table2[[#This Row],[HSN Code]],productT[#All],4,0),"") -> 408 | L15: =IFERROR(Table2[[#This Row],[Price]]*Table2[[#This Row],[Units]],"") -> 40800
D16: 106 | E16: =IFERROR(VLOOKUP(Table2[[#This Row],[Cust_ID]],customer1[#All],2,FALSE),"") -> Jain Tel. | F16: N1007 | G16: =IFERROR(VLOOKUP(Table2[[#This Row],[HSN Code]],productT[#All],2,0),"") -> Camera | H16: 45323 | I16: =VLOOKUP(Table2[[#This Row],[HSN Code]],Inventory!D13:J23,6,0) -> 51950 | J16: 10 | K16: =IFERROR(VLOOKUP(Table2[[#This Row],[HSN Code]],productT[#All],4,0),"") -> 62400 | L16: =IFERROR(Table2[[#This Row],[Price]]*Table2[[#This Row],[Units]],"") -> 624000
D17: 105 | E17: =IFERROR(VLOOKUP(Table2[[#This Row],[Cust_ID]],customer1[#All],2,FALSE),"") -> Amit | F17: N1008 | G17: =IFERROR(VLOOKUP(Table2[[#This Row],[HSN Code]],productT[#All],2,0),"") -> Headphones | H17: 45324 | I17: =VLOOKUP(Table2[[#This Row],[HSN Code]],Inventory!D14:J24,6,0) -> 779 | J17: 20 | K17: =IFERROR(VLOOKUP(Table2[[#This Row],[HSN Code]],productT[#All],4,0),"") -> 958.8 | L17: =IFERROR(Table2[[#This Row],[Price]]*Table2[[#This Row],[Units]],"") -> 19176
D18: 106 | E18: =IFERROR(VLOOKUP(Table2[[#This Row],[Cust_ID]],customer1[#All],2,FALSE),"") -> Jain Tel. | F18: N1009 | G18: =IFERROR(VLOOKUP(Table2[[#This Row],[HSN Code]],productT[#All],2,0),"") -> Speakers | H18: 45325 | I18: =VLOOKUP(Table2[[#This Row],[HSN Code]],Inventory!D15:J25,6,0) -> 640 | J18: 30 | K18: =IFERROR(VLOOKUP(Table2[[#This Row],[HSN Code]],productT[#All],4,0),"") -> 804 | L18: =IFERROR(Table2[[#This Row],[Price]]*Table2[[#This Row],[Units]],"") -> 24120
D19: 101 | E19: =IFERROR(VLOOKUP(Table2[[#This Row],[Cust_ID]],customer1[#All],2,FALSE),"") -> Atul Ltd. | F19: N1010 | G19: =IFERROR(VLOOKUP(Table2[[#This Row],[HSN Code]],productT[#All],2,0),"") -> Tablets | H19: 45326 | I19: =VLOOKUP(Table2[[#This Row],[HSN Code]],Inventory!D16:J26,6,0) -> 23475 | J19: 25 | K19: =IFERROR(VLOOKUP(Table2[[#This Row],[HSN Code]],productT[#All],4,0),"") -> 28200 | L19: =IFERROR(Table2[[#This Row],[Price]]*Table2[[#This Row],[Units]],"") -> 705000
D20: 100 | E20: =IFERROR(VLOOKUP(Table2[[#This Row],[Cust_ID]],customer1[#All],2,FALSE),"") -> Ram sales | F20: N1007 | G20: =IFERROR(VLOOKUP(Table2[[#This Row],[HSN Code]],productT[#All],2,0),"") -> Camera | H20: 45327 | J20: 40 | K20: =IFERROR(VLOOKUP(Table2[[#This Row],[HSN Code]],productT[#All],4,0),"") -> 62400 | L20: =IFERROR(Table2[[#This Row],[Price]]*Table2[[#This Row],[Units]],"") -> 2496000
E21: =IFERROR(VLOOKUP(Table2[[#This Row],[Cust_ID]],customer1[#All],2,FALSE),"") | G21: =IFERROR(VLOOKUP(Table2[[#This Row],[HSN Code]],productT[#All],2,0),"") | K21: =IFERROR(VLOOKUP(Table2[[#This Row],[HSN Code]],productT[#All],4,0),"") | L21: =IFERROR(Table2[[#This Row],[Price]]*Table2[[#This Row],[Units]],"")
E22: =IFERROR(VLOOKUP(Table2[[#This Row],[Cust_ID]],customer1[#All],2,FALSE),"") | G22: =IFERROR(VLOOKUP(Table2[[#This Row],[HSN Code]],productT[#All],2,0),"") | K22: =IFERROR(VLOOKUP(Table2[[#This Row],[HSN Code]],productT[#All],4,0),"") | L22: =IFERROR(Table2[[#This Row],[Price]]*Table2[[#This Row],[Units]],"")
E23: =IFERROR(VLOOKUP(Table2[[#This Row],[Cust_ID]],customer1[#All],2,FALSE),"") | G23: =IFERROR(VLOOKUP(Table2[[#This Row],[HSN Code]],productT[#All],2,0),"") | K23: =IFERROR(VLOOKUP(Table2[[#This Row],[HSN Code]],productT[#All],4,0),"") | L23: =IFERROR(Table2[[#This Row],[Price]]*Table2[[#This Row],[Units]],"")
E24: =IFERROR(VLOOKUP(Table2[[#This Row],[Cust_ID]],customer1[#All],2,FALSE),"") | G24: =IFERROR(VLOOKUP(Table2[[#This Row],[HSN Code]],productT[#All],2,0),"") | K24: =IFERROR(VLOOKUP(Table2[[#This Row],[HSN Code]],productT[#All],4,0),"") | L24: =IFERROR(Table2[[#This Row],[Price]]*Table2[[#This Row],[Units]],"")
E25: =IFERROR(VLOOKUP(Table2[[#This Row],[Cust_ID]],customer1[#All],2,FALSE),"") | G25: =IFERROR(VLOOKUP(Table2[[#This Row],[HSN Code]],productT[#All],2,0),"") | K25: =IFERROR(VLOOKUP(Table2[[#This Row],[HSN Code]],productT[#All],4,0),"") | L25: =IFERROR(Table2[[#This Row],[Price]]*Table2[[#This Row],[Units]],"")
E26: =IFERROR(VLOOKUP(Table2[[#This Row],[Cust_ID]],customer1[#All],2,FALSE),"") | G26: =IFERROR(VLOOKUP(Table2[[#This Row],[HSN Code]],productT[#All],2,0),"") | K26: =IFERROR(VLOOKUP(Table2[[#This Row],[HSN Code]],productT[#All],4,0),"") | L26: =IFERROR(Table2[[#This Row],[Price]]*Table2[[#This Row],[Units]],"")
E27: =IFERROR(VLOOKUP(Table2[[#This Row],[Cust_ID]],customer1[#All],2,FALSE),"") | G27: =IFERROR(VLOOKUP(Table2[[#This Row],[HSN Code]],productT[#All],2,0),"") | K27: =IFERROR(VLOOKUP(Table2[[#This Row],[HSN Code]],productT[#All],4,0),"") | L27: =IFERROR(Table2[[#This Row],[Price]]*Table2[[#This Row],[Units]],"")
E28: =IFERROR(VLOOKUP(Table2[[#This Row],[Cust_ID]],customer1[#All],2,FALSE),"") | G28: =IFERROR(VLOOKUP(Table2[[#This Row],[HSN Code]],productT[#All],2,0),"") | K28: =IFERROR(VLOOKUP(Table2[[#This Row],[HSN Code]],productT[#All],4,0),"") | L28: =IFERROR(Table2[[#This Row],[Price]]*Table2[[#This Row],[Units]],"")
E29: =IFERROR(VLOOKUP(Table2[[#This Row],[Cust_ID]],customer1[#All],2,FALSE),"") | G29: =IFERROR(VLOOKUP(Table2[[#This Row],[HSN Code]],productT[#All],2,0),"") | K29: =IFERROR(VLOOKUP(Table2[[#This Row],[HSN Code]],productT[#All],4,0),"") | L29: =IFERROR(Table2[[#This Row],[Price]]*Table2[[#This Row],[Units]],"")
E30: =IFERROR(VLOOKUP(Table2[[#This Row],[Cust_ID]],customer1[#All],2,FALSE),"") | G30: =IFERROR(VLOOKUP(Table2[[#This Row],[HSN Code]],productT[#All],2,0),"") | K30: =IFERROR(VLOOKUP(Table2[[#This Row],[HSN Code]],productT[#All],4,0),"") | L30: =IFERROR(Table2[[#This Row],[Price]]*Table2[[#This Row],[Units]],"")

Sheet Inventory
D7: HSN Code | E7: Product Name | F7: Cost | G7: P Units | H7: S Units | I7: Stock | J7: Stock Amt | K7: Notifications
D8: =IFERROR(Product!D7,"") -> N1001 | E8: =Product!E7 -> Smart Watch | F8: =Product!F7 -> 980 | G8: =IFERROR(SUMIF(Purchase!E8:E18,Inventory!E7:E17,Purchase!I8:I18),"") -> 980 | H8: =IFERROR(SUMIF(Sales!G10:G20,Inventory!E8:E17,Sales!J10:J20),"") -> 10 | I8: =Table5[[#This Row],[P Units]]-Table5[[#This Row],[S Units]] -> 970 | J8: =Table5[[#This Row],[Cost]]*Table5[[#This Row],[Stock]] -> 950600 | K8: =IFERROR(IF(Table5[[#This Row],[Stock]]<500,"📞" &E6&" Needs to Reorder! PH" &VLOOKUP(Table5[[#This Row],[HSN Code]],Vtable[#All],4,0),""),"")
D9: =IFERROR(Product!D8,"") -> N1002 | E9: =Product!E8 -> Laptop HP xyz i5 | F9: =Product!F8 -> 34500 | G9: =IFERROR(SUMIF(Purchase!E9:E19,Inventory!E8:E18,Purchase!I9:I19),"") -> 34500 | H9: =IFERROR(SUMIF(Sales!G11:G21,Inventory!E9:E18,Sales!J11:J21),"") -> 10 | I9: =Table5[[#This Row],[P Units]]-Table5[[#This Row],[S Units]] -> 34490 | J9: =Table5[[#This Row],[Cost]]*Table5[[#This Row],[Stock]] -> 1189905000 | K9: =IFERROR(IF(Table5[[#This Row],[Stock]]<500,"📞" &E7&" Needs to Reorder! PH" &VLOOKUP(Table5[[#This Row],[HSN Code]],Vtable[#All],4,0),""),"")
D10: =IFERROR(Product!D9,"") -> N1003 | E10: =Product!E9 -> Wireless Printer | F10: =Product!F9 -> 4600 | G10: =IFERROR(SUMIF(Purchase!E10:E20,Inventory!E9:E19,Purchase!I10:I20),"") -> 4600 | H10: =IFERROR(SUMIF(Sales!G12:G22,Inventory!E10:E19,Sales!J12:J22),"") -> 50 | I10: =Table5[[#This Row],[P Units]]-Table5[[#This Row],[S Units]] -> 4550 | J10: =Table5[[#This Row],[Cost]]*Table5[[#This Row],[Stock]] -> 20930000 | K10: =IFERROR(IF(Table5[[#This Row],[Stock]]<500,"📞" &E8&" Needs to Reorder! PH" &VLOOKUP(Table5[[#This Row],[HSN Code]],Vtable[#All],4,0),""),"")
D11: =IFERROR(Product!D10,"") -> N1004 | E11: =Product!E10 -> Desktop | F11: =Product!F10 -> 21000 | G11: =IFERROR(SUMIF(Purchase!E11:E21,Inventory!E10:E20,Purchase!I11:I21),"") -> 21000 | H11: =IFERROR(SUMIF(Sales!G13:G23,Inventory!E11:E20,Sales!J13:J23),"") -> 50 | I11: =Table5[[#This Row],[P Units]]-Table5[[#This Row],[S Units]] -> 20950 | J11: =Table5[[#This Row],[Cost]]*Table5[[#This Row],[Stock]] -> 439950000 | K11: =IFERROR(IF(Table5[[#This Row],[Stock]]<500,"📞" &E9&" Needs to Reorder! PH" &VLOOKUP(Table5[[#This Row],[HSN Code]],Vtable[#All],4,0),""),"")
D12: =IFERROR(Product!D11,"") -> N1005 | E12: =Product!E11 -> Mouse | F12: =Product!F11 -> 200 | G12: =IFERROR(SUMIF(Purchase!E12:E22,Inventory!E11:E21,Purchase!I12:I22),"") -> 200 | H12: =IFERROR(SUMIF(Sales!G14:G24,Inventory!E12:E21,Sales!J14:J24),"") -> 50 | I12: =Table5[[#This Row],[P Units]]-Table5[[#This Row],[S Units]] -> 150 | J12: =Table5[[#This Row],[Cost]]*Table5[[#This Row],[Stock]] -> 30000 | K12: =IFERROR(IF(Table5[[#This Row],[Stock]]<500,"📞" &E10&" Needs to Reorder! PH" &VLOOKUP(Table5[[#This Row],[HSN Code]],Vtable[#All],4,0),""),"") -> 📞Wireless Printer Needs to Reorder! PH9813xxxxxx
D13: =IFERROR(Product!D12,"") -> N1006 | E13: =Product!E12 -> Rgb Keyboard | F13: =Product!F12 -> 340 | G13: =IFERROR(SUMIF(Purchase!E13:E23,Inventory!E12:E22,Purchase!I13:I23),"") -> 680 | H13: =IFERROR(SUMIF(Sales!G15:G25,Inventory!E13:E22,Sales!J15:J25),"") -> 100 | I13: =Table5[[#This Row],[P Units]]-Table5[[#This Row],[S Units]] -> 580 | J13: =Table5[[#This Row],[Cost]]*Table5[[#This Row],[Stock]] -> 197200 | K13: =IFERROR(IF(Table5[[#This Row],[Stock]]<500,"📞" &E11&" Needs to Reorder! PH" &VLOOKUP(Table5[[#This Row],[HSN Code]],Vtable[#All],4,0),""),"")
D14: =IFERROR(Product!D13,"") -> N1007 | E14: =Product!E13 -> Camera | F14: =Product!F13 -> 52000 | G14: =IFERROR(SUMIF(Purchase!E14:E24,Inventory!E13:E23,Purchase!I14:I24),"") -> 52000 | H14: =IFERROR(SUMIF(Sales!G16:G26,Inventory!E14:E23,Sales!J16:J26),"") -> 50 | I14: =Table5[[#This Row],[P Units]]-Table5[[#This Row],[S Units]] -> 51950 | J14: =Table5[[#This Row],[Cost]]*Table5[[#This Row],[Stock]] -> 2701400000 | K14: =IFERROR(IF(Table5[[#This Row],[Stock]]<500,"📞" &E12&" Needs to Reorder! PH" &VLOOKUP(Table5[[#This Row],[HSN Code]],Vtable[#All],4,0),""),"")
D15: =IFERROR(Product!D14,"") -> N1008 | E15: =Product!E14 -> Headphones | F15: =Product!F14 -> 799 | G15: =IFERROR(SUMIF(Purchase!E15:E25,Inventory!E14:E24,Purchase!I15:I25),"") -> 799 | H15: =IFERROR(SUMIF(Sales!G17:G27,Inventory!E15:E24,Sales!J17:J27),"") -> 20 | I15: =Table5[[#This Row],[P Units]]-Table5[[#This Row],[S Units]] -> 779 | J15: =Table5[[#This Row],[Cost]]*Table5[[#This Row],[Stock]] -> 622421 | K15: =IFERROR(IF(Table5[[#This Row],[Stock]]<500,"📞" &E13&" Needs to Reorder! PH" &VLOOKUP(Table5[[#This Row],[HSN Code]],Vtable[#All],4,0),""),"")
D16: =IFERROR(Product!D15,"") -> N1009 | E16: =Product!E15 -> Speakers | F16: =Product!F15 -> 670 | G16: =IFERROR(SUMIF(Purchase!E16:E26,Inventory!E15:E25,Purchase!I16:I26),"") -> 670 | H16: =IFERROR(SUMIF(Sales!G18:G28,Inventory!E16:E25,Sales!J18:J28),"") -> 30 | I16: =Table5[[#This Row],[P Units]]-Table5[[#This Row],[S Units]] -> 640 | J16: =Table5[[#This Row],[Cost]]*Table5[[#This Row],[Stock]] -> 428800 | K16: =IFERROR(IF(Table5[[#This Row],[Stock]]<500,"📞" &E14&" Needs to Reorder! PH" &VLOOKUP(Table5[[#This Row],[HSN Code]],Vtable[#All],4,0),""),"")
D17: =IFERROR(Product!D16,"") -> N1010 | E17: =Product!E16 -> Tablets | F17: =Product!F16 -> 23500 | G17: =IFERROR(SUMIF(Purchase!E17:E27,Inventory!E16:E26,Purchase!I17:I27),"") -> 23500 | H17: =IFERROR(SUMIF(Sales!G19:G29,Inventory!E17:E26,Sales!J19:J29),"") -> 25 | I17: =Table5[[#This Row],[P Units]]-Table5[[#This Row],[S Units]] -> 23475 | J17: =Table5[[#This Row],[Cost]]*Table5[[#This Row],[Stock]] -> 551662500 | K17: =IFERROR(IF(Table5[[#This Row],[Stock]]<500,"📞" &E15&" Needs to Reorder! PH" &VLOOKUP(Table5[[#This Row],[HSN Code]],Vtable[#All],4,0),""),"")
K18: =IFERROR(IF(Table5[[#This Row],[Stock]]<500,"📞" &E16&" Needs to Reorder! PH" &VLOOKUP(Table5[[#This Row],[HSN Code]],Vtable[#All],4,0),""),"")
K19: =IFERROR(IF(Table5[[#This Row],[Stock]]<500,"📞" &E17&" Needs to Reorder! PH" &VLOOKUP(Table5[[#This Row],[HSN Code]],Vtable[#All],4,0),""),"")
K20: =IFERROR(IF(Table5[[#This Row],[Stock]]<500,"📞" &E18&" Needs to Reorder! PH" &VLOOKUP(Table5[[#This Row],[HSN Code]],Vtable[#All],4,0),""),"")
K21: =IFERROR(IF(Table5[[#This Row],[Stock]]<500,"📞" &E19&" Needs to Reorder! PH" &VLOOKUP(Table5[[#This Row],[HSN Code]],Vtable[#All],4,0),""),"")
K22: =IFERROR(IF(Table5[[#This Row],[Stock]]<500,"📞" &E20&" Needs to Reorder! PH" &VLOOKUP(Table5[[#This Row],[HSN Code]],Vtable[#All],4,0),""),"")
K23: =IFERROR(IF(Table5[[#This Row],[Stock]]<500,"📞" &E21&" Needs to Reorder! PH" &VLOOKUP(Table5[[#This Row],[HSN Code]],Vtable[#All],4,0),""),"")
K24: =IFERROR(IF(Table5[[#This Row],[Stock]]<500,"📞" &E22&" Needs to Reorder! PH" &VLOOKUP(Table5[[#This Row],[HSN Code]],Vtable[#All],4,0),""),"")
K25: =IFERROR(IF(Table5[[#This Row],[Stock]]<500,"📞" &E23&" Needs to Reorder! PH" &VLOOKUP(Table5[[#This Row],[HSN Code]],Vtable[#All],4,0),""),"")
K26: =IFERROR(IF(Table5[[#This Row],[Stock]]<500,"📞" &E24&" Needs to Reorder! PH" &VLOOKUP(Table5[[#This Row],[HSN Code]],Vtable[#All],4,0),""),"")
D27: =IFERROR(Product!D26,"") -> 0 | K27: =IFERROR(IF(Table5[[#This Row],[Stock]]<500,"📞" &E25&" Needs to Reorder! PH" &VLOOKUP(Table5[[#This Row],[HSN Code]],Vtable[#All],4,0),""),"")

Sheet Pivot
A2: Count of Name | C2: Customer
A3: 7 | C3: =GETPIVOTDATA("Name",$A$2) -> 7
I4: Row Labels | J4: Sum of S Units
I5: Rgb Keyboard | J5: 100
A6: Count of Product Name | C6: Products | I6: Camera | J6: 50
A7: 10 | C7: =GETPIVOTDATA("Product Name",$A$6) -> 10 | I7: Wireless Printer | J7: 50
I8: Desktop | J8: 50
I9: Mouse | J9: 50
A10: Sum of Amount | C10: Purchase a | I10: Grand Total | J10: 300
A11: 2835980 | C11: =GETPIVOTDATA("Amount",$A$10) -> 2835980
A14: Sum of Amount | C14: Sales A | I14: Row Labels | J14: Sum of Amount
A15: 5882856 | C15: =GETPIVOTDATA("Amount",$A$14) -> 5882856 | I15: Ram sales | J15: 2507760
I16: 99store | J16: 1260000
I17: Atul Ltd. | J17: 1119000
A18: Sum of Stock Amt | C18: Stock A | I18: Jain Tel. | J18: 648120
A19: 4906076521 | C19: =GETPIVOTDATA("Stock Amt",$A$18) -> 4906076521 | I19: MK Tech. | J19: 276000
I20: Grand Total | J20: 5810880
C22: p\l
C23: =C19+C15-C11 -> 4909123397
A24: Row Labels | B24: Sum of Stock
A25: Camera | B25: 51950
A26: Desktop | B26: 20950
A27: Headphones | B27: 779
A28: Laptop HP xyz i5 | B28: 34490
A29: Mouse | B29: 150
A30: Rgb Keyboard | B30: 580
A31: Smart Watch | B31: 970
A32: Speakers | B32: 640
A33: Tablets | B33: 23475
A34: Wireless Printer | B34: 4550
A35: (blank)
A36: Grand Total | B36: 138534
